{
  "project_info": {
    "project_number": "614887498748",
    "project_id": "mytourassistent",
    "storage_bucket": "mytourassistent.appspot.com"
  },
  "client": [
    {
      "client_info": {
        "mobilesdk_app_id": "1:614887498748:android:486eb8dcec00c6f1400879",
        "android_client_info": {
          "package_name": "com.aphex.mytourassistent"
        }
      },
      "oauth_client": [
        {
          "client_id": "614887498748-9jcqrkpq4f6e07gnfjr6gkmg6d13sufm.apps.googleusercontent.com",
          "client_type": 1,
          "android_info": {
            "package_name": "com.aphex.mytourassistent",
            "certificate_hash": "b1637e100f16ee10373571d9b4eb484ce1188d53"
          }
        },
        {
          "client_id": "614887498748-18q79pn97er32t7bjtn2atvg9ljonsti.apps.googleusercontent.com",
          "client_type": 3
        }
      ],
      "api_key": [
        {
          "current_key": "AIzaSyChnwgOnlIqNA0cnKU77_x8rjnFlE40z_U"
        }
      ],
      "services": {
        "appinvite_service": {
          "other_platform_oauth_client": [
            {
              "client_id": "614887498748-18q79pn97er32t7bjtn2atvg9ljonsti.apps.googleusercontent.com",
              "client_type": 3
            }
          ]
        }
      }
    }
  ],
  "configuration_version": "1"
}